taxon,species,absorp,log_mass,log_total_enterocytes
Bat,Artibeus lituratus,0.0019110495715015886,4.238070309447957,20.660122270368962
Rodent,Microtus pennsylvanicus,0.00106229015163846,3.7534121070132613,19.724606723877073
Rodent,Akodon montensis,0.0012733870309731357,3.4676788356225927,20.105048212051887
Rodent,Mus musculus,7.64668204864583e-4,3.6104363630737035,21.091874576809694
Bat,Eptesicus fuscus,0.010933259458735913,2.7283848506207966,19.234972326773093
Bat,Myotis lucifugus,0.012732335537151338,2.1873005245583292,18.556634167289413
Bat,Tadarida brasiliensis,0.008695708440703012,2.633478595930323,20.47348593088518
Rodent,Peromyscus leucopus,0.002277866913117286,3.2454073606320524,18.94642148260159
